ID,Pred_prob
T1,0.7972281189920782
T2,0.002397706273818598
T3,0.03457104782037808
T4,0.21615322826866126
T5,0.11423837351953618
T6,0.19881411565493373
T7,5.499910769762635e-05
T8,0.004723468664530173
T9,0.42318698876944394
T10,0.017297864044248677
T11,5.4998611814422086e-05
T12,0.3106227181126265
T13,0.07870232119161866
T14,5.4998392917997744e-05
T15,0.11357083187274726
T16,0.006411464661027634
T17,0.5812368387935437
T18,0.4340654390322295
T19,0.6987540759400928
T20,0.8839422621767212
T21,0.20541538625846142
T22,0.2726189618431116
T23,0.03750782939978907
T24,0.18268101335333994
T25,0.16078364432012848
T26,0.04654204859119099
T27,0.7782624888135043
T28,0.6253757958539072
T29,0.5985804547130645
T30,0.5859823570579517
T31,0.11917573506771781
T32,0.1250335793811085
T33,0.1591629155723181
T34,0.011322882571926231
T35,0.011770080249967613
T36,0.19698659409049313
T37,0.17362256134265946
T38,0.43882132944609104
T39,0.03654108336132557
T40,0.49682133490827063
T41,0.0005765562652879201
T42,0.4287059360901411
T43,0.7192902039773496
T44,0.023693611482994297
T45,0.024177479336060185
T46,5.4998804946972146e-05
T47,5.499973889299197e-05
T48,0.12128651303881177
T49,0.8254781011451527
T50,0.7214894133501456
T51,5.499903245352986e-05
T52,5.4999021516585585e-05
T53,0.7209452008827915
T54,0.15666570749252573
T55,0.5820455948189927
T56,0.42545506349641454
T57,0.056081879806388533
T58,0.061558446557570534
T59,0.852593004745897
T60,0.10911371979174045
T61,0.05127948122564081
T62,0.5789414025483772
T63,0.03465157749949482
T64,0.05064359916303873
T65,0.11464368292164302
T66,0.03552303542929338
T67,0.018670335366501183
T68,0.013338368563065032
T69,0.03764452374069431
T70,0.06475938220784402
T71,0.3055028156928566
T72,0.7234045144570131
T73,0.5543106930626106
T74,0.6122473407990013
T75,0.023835089868370966
T76,0.2723130276655227
T77,0.3457284239996691
T78,0.0026451012100817107
T79,0.0985099101576771
T80,0.00143406518327235
T81,0.04070780230646008
T82,0.19167757771653948
T83,0.04210587561700659
T84,0.6503014507296334
T85,0.02307874497067683
T86,0.07044304564328327
T87,0.6791698238612149
T88,0.6367200064295033
T89,0.8019487815623499
T90,0.9623800670260418
T91,0.27144769571961014
T92,0.671248484436509
T93,0.78796220977348
T94,0.4424514820357386
T95,0.9681184026617184
T96,0.8769678334495301
T97,0.04799245854403557
T98,0.9661142879316887
T99,0.6348608700728767
T100,0.1481211677396031
T101,0.01106564817046086
T102,0.0012609565839398174
T103,0.0031422181178170404
T104,0.5154962398709729
T105,0.3643914908657151
T106,5.499994253247532e-05
T107,0.2639993867339255
T108,0.13810914882452313
T109,0.415344640531747
T110,0.4173096152384338
T111,0.03187023751885532
T112,0.006273585175308227
T113,0.020911687629039683
T114,0.004821863271458506
T115,0.18744870309714332
T116,0.2703407056816145
T117,0.37135392272655715
T118,0.05918599236734094
T119,5.499869348678757e-05
T120,0.0006568703123922749
T121,0.6372344060483173
T122,0.8494479817354819
T123,0.6504169299042756
T124,0.18582741095788075
T125,0.2950189460403138
T126,0.512544266568908
T127,0.6089563437405554
T128,0.9241520140133994
T129,0.985478187856463
T130,0.9005194625287208
T131,0.7522777587077705
T132,7.117011327724298e-05
T133,0.9355868642000699
T134,0.5681242976946959
T135,0.00021501075738546935
T136,5.1113798641267556e-05
T137,0.10404265771442978
T138,0.0002845097925105215
T139,0.00617648993356913
T140,0.4199786396887862
T141,0.03644330760155393
T142,0.02610916859366816
T143,0.11015215382938619
T144,0.2960142395052837
T145,0.2474941298950319
T146,0.3884748019825096
T147,0.43468545146745374
T148,0.14217724748748442
T149,0.48009866630803427
T150,0.14156032779505037
T151,0.05058395550570299
T152,0.0834258115704712
T153,0.0005822135679676174
T154,0.021487136293961782
T155,0.08332207575501539
T156,0.005042431946059739
T157,0.5263096111771748
T158,0.48840176477556224
T159,0.1295883446687558
T160,0.18633003020480193
T161,0.10635581642134695
T162,0.02336996189983879
T163,0.21057769878350813
T164,0.23516414534438423
T165,0.13011120697492007
T166,0.00027083973936977584
T167,0.18320143987412246
T168,0.7709620040160573
T169,0.6227617854032553
T170,0.33185412299296263
T171,0.02910608582216931
T172,0.000885397249412492
T173,0.06361474930097835
T174,0.4323106877138194
T175,0.06922156942378878
T176,0.08698644580474871
T177,5.499861837820719e-05
T178,0.026302142545675068
T179,0.3616172039186858
T180,0.2838869933486122
T181,0.027601837483612723
T182,0.01944873949437034
T183,0.5300219086168068
T184,0.5660318809534534
T185,0.08634140488599562
T186,0.05712492510202501
T187,0.18530926378806553
T188,0.4857597236722303
T189,0.4958819212855345
T190,0.7540356828206896
T191,0.9293988537476803
T192,0.8936113944687352
T193,0.01911968631914203
T194,0.055327424820852976
T195,0.31952566745548616
T196,0.2585236937105334
T197,0.6286607270507267
T198,0.05696010948621659
T199,0.18373307214284923
T200,0.002917803206494964
T201,0.34776823955488534
T202,0.0029370538463482547
T203,0.30880430467592257
T204,0.0009691597177622791
T205,0.0010181241930081475
T206,0.07270278866608834
T207,0.003374217507847338
T208,0.07034587425646939
T209,0.1530032831917569
T210,0.0838307139443483
T211,0.025742839488376006
T212,0.48389068516853573
T213,0.3433593771830422
T214,0.06821897863523103
T215,0.0116547783816882
T216,0.061336380656981625
T217,0.020040343805730783
T218,0.05654874987464168
T219,0.06606184666774507
T220,0.3061943498059029
T221,0.8473327495737409
